model,roc_auc,pr_auc,accuracy,precision,recall,f1
xgboost,0.8849840950321827,0.2171657950131442,0.8566605279312461,0.1470019342359768,0.7450980392156863,0.2455573505654281
random_forest,0.8659944332612639,0.18681181772628405,0.9686924493554327,0.0,0.0,0.0
logistic_regression,0.8383688709958,0.1369376143359248,0.7925107427869859,0.1046831955922865,0.7450980392156863,0.18357487922705315
