model,roc_auc,pr_auc,accuracy,precision,recall,f1
xgboost,0.8389870523621361,0.16497680043528976,0.8449969306322898,0.12476722532588454,0.6568627450980392,0.20970266040688576
random_forest,0.7979478863788861,0.15553239833457708,0.9686924493554327,0.0,0.0,0.0
logistic_regression,0.778681751534581,0.11182302418021975,0.7437077961939841,0.07825086306098965,0.6666666666666666,0.1400617919670443
