model,roc_auc,accuracy,precision,recall,f1
random_forest,0.9630281753376726,0.9715320059239756,0.4329268292682927,0.6589327146171694,0.5225390984360626
xgboost,0.9357487667677583,0.8443493682921032,0.11911795737497362,0.8731631863882444,0.20963698820907994
